Cell 1,Cell 2
24431,300
293,258
276,250
267,246
260,240
252,237
247,234
246,233
250,237
251,236
249,235
250,236
252,238
252,238
249,235
245,232
242,230
241,230
247,234
246,235
247,233
247,235
250,236
251,237
247,235
244,232
240,230
240,229
247,233
246,233
245,233
246,234
249,236
250,234
248,233
243,231
240,229
240,229
246,234
246,233
245,233
245,234
249,236
249,236
247,234
243,231
240,228
239,229
245,233
245,233
245,233
246,234
249,236
249,237
246,234
241,231
238,228
238,229
244,234
243,234
245,233
246,234
249,236
249,236
247,234
242,230
238,228
238,229
244,234
245,231
245,233
246,234
249,236
249,236
244,234
243,230
238,228
238,229
244,234
245,232
245,233
246,234
249,236
249,236
246,233
242,230
238,228
238,228
245,233
244,234
244,233
245,234
249,236
249,236
247,233
242,231
238,228
238,228
245,233
245,233
245,233
245,234
248,236
249,236
247,232
242,231
238,228
238,229
244,233
244,234
245,233
245,234
249,236
248,237
246,234
242,231
238,229
239,229
244,233
245,233
244,233
245,233
249,236
249,237
247,233
243,231
239,228
238,229
244,233
242,234
245,232
245,233
248,236
249,236
244,234
243,231
239,228
239,229
245,234
243,233
244,233
245,234
249,236
250,237
246,234
241,231
238,228
238,228
244,231
244,234
244,233
245,234
249,236
250,236
247,234
242,231
238,228
238,228
242,234
245,233
245,233
245,234
249,236
250,237
247,233
243,231
238,227
238,229
243,234
245,233
245,234
246,234
250,236
250,236
246,234
243,231
238,228
239,229
245,232
245,233
245,233
245,234
249,236
250,237
248,232
243,232
238,228
238,229
244,233
244,234
245,232
246,234
249,237
250,237
247,235
243,231
238,228
238,229
244,233
245,234
245,233
245,234
250,236
250,237
247,232
243,232
238,228
238,228
245,233
245,233
245,233
246,234
250,237
251,237
247,235
243,231
237,228
238,229
245,233
245,233
245,233
246,234
250,237
251,237
247,235
243,232
237,227
238,228
244,234
245,234
245,234
246,234
250,237
249,238
248,234
244,232
238,228
239,229
245,232
245,233
245,233
246,234
250,237
251,237
248,234
244,232
237,228
238,229
244,233
246,233
245,234
246,235
250,237
251,237
247,235
244,232
238,227
238,229
244,233
245,233
245,234
246,234
251,236
252,236
248,235
245,232
238,227
238,228
245,233
244,234
245,234
246,234
250,237
252,238
248,233
244,233
238,228
239,229
244,232
246,234
246,233
247,235
250,238
251,236
247,234
245,233
238,228
238,229
242,234
245,234
246,233
246,234
250,237
251,238
246,235
244,233
238,228
239,229
244,233
243,234
245,233
246,234
250,237
251,238
248,236
245,233
238,228
238,229
244,233
245,234
246,233
246,234
249,237
251,238
248,233
245,233
239,227
238,229
242,233
244,234
245,234
246,234
250,237
251,238
246,235
245,233
238,228
238,229
243,233
245,231
245,233
246,235
250,237
251,238
248,234
245,233
237,228
238,229
243,233
246,234
246,233
246,235
250,237
252,238
248,235
244,234
238,227
238,229
242,233
244,235
246,233
247,234
250,237
251,239
248,235
245,234
238,227
238,228
243,231
245,233
245,233
246,235
251,237
253,238
248,235
246,232
237,227
238,229
243,232
246,231
245,233
247,234
250,237
253,238
249,234
244,234
238,227
238,229
242,232
245,231
246,233
246,234
250,237
252,239
249,235
246,233
238,227
238,228
243,231
245,234
246,233
247,235
250,237
253,239
249,234
247,234
237,227
238,229
243,232
246,234
246,232
246,235
250,237
253,239
248,233
246,234
238,227
238,229
242,232
243,234
247,233
247,234
250,237
252,238
248,233
245,234
238,228
238,229
243,231
245,234
245,234
246,234
250,237
252,239
249,235
247,233
238,228
239,229
243,232
246,234
246,232
246,234
249,237
251,239
248,235
247,234
239,228
239,229
242,232
245,234
245,235
246,234
250,237
251,239
248,236
246,235
238,228
239,229
243,231
243,235
245,234
246,234
250,237
253,238
248,235
246,235
239,228
238,229
242,232
246,233
246,232
246,234
249,237
252,238
248,236
247,233
239,229
239,229
242,232
245,234
245,234
246,234
250,237
252,238
247,236
246,235
239,228
239,229
241,232
246,233
244,234
246,234
250,237
252,238
249,235
246,235
239,228
238,229
242,231
245,234
244,234
246,234
250,237
252,238
249,235
244,235
239,228
238,229
242,232
246,234
246,233
246,234
250,236
251,239
249,233
246,234
239,228
239,229
243,231
246,234
246,232
246,234
250,237
252,238
249,235
245,235
238,228
239,228
242,232
245,234
246,233
246,234
250,237
252,239
249,235
246,235
240,228
238,229
242,232
245,234
246,233
247,234
250,237
252,239
248,236
247,232
239,229
239,229
243,231
245,234
245,234
246,235
250,237
252,238
247,235
246,235
239,229
238,229
242,231
246,231
245,234
246,234
250,237
252,238
248,236
247,234
239,228
239,229
242,232
245,233
245,234
246,234
250,237
251,239
249,236
247,234
240,229
240,229
242,231
243,234
245,234
245,234
250,237
252,238
250,235
247,233
240,229
239,229
242,232
245,234
246,233
246,234
249,237
252,238
249,235
247,234
240,229
239,229
242,231
246,231
245,235
245,234
249,236
251,238
249,235
246,235
240,229
239,229
242,231
245,234
246,233
246,234
249,237
252,238
249,235
246,235
239,230
239,229
242,232
246,234
246,232
245,234
249,237
251,238
248,236
247,234
240,229
239,229
241,231
245,234
246,234
246,234
249,237
251,238
247,236
246,234
240,229
239,229
242,231
246,234
246,234
246,234
249,237
252,238
249,236
246,232
240,230
238,229
242,231
246,233
245,234
246,234
249,237
251,239
249,235
246,235
240,229
238,229
241,231
246,232
245,234
246,234
250,236
252,238
249,234
246,235
240,229
239,229
242,230
245,234
244,234
246,234
250,237
252,238
249,236
246,235
240,229
239,229
241,231
247,233
246,233
246,234
249,237
252,238
249,234
246,235
240,229
239,229
241,231
246,233
245,234
246,234
250,236
252,238
247,236
244,235
240,230
239,228
241,231
245,234
245,233
246,234
249,237
252,238
249,235
247,235
240,230
239,229
242,231
245,234
243,234
246,234
249,237
251,239
247,236
246,235
240,229
239,229
241,231
246,234
246,234
246,234
250,236
251,239
247,237
247,234
240,229
239,229
242,230
246,233
245,233
246,234
249,237
252,238
250,235
247,234
241,229
239,229
241,231
245,233
245,233
245,234
249,237
252,238
250,236
245,235
241,229
239,229
241,231
245,234
246,233
246,234
249,236
251,238
249,236
247,235
240,229
239,229
241,230
245,234
245,233
245,234
249,236
251,238
250,236
245,235
240,230
239,229
241,231
245,234
244,234
245,234
249,236
251,238
248,237
247,235
241,230
240,229
241,231
245,234
246,233
245,234
248,236
251,238
249,237
247,234
241,230
239,229
242,230
246,233
243,234
246,234
248,236
252,238
249,237
247,235
241,230
239,229
241,231
246,232
246,233
245,234
248,236
251,238
247,237
246,235
241,229
239,229
241,230
245,234
245,234
245,233
249,236
252,238
250,236
246,235
240,230
239,229
241,230
246,234
245,234
245,233
248,236
251,239
249,236
244,235
241,230
239,229
240,230
245,235
246,233
246,234
248,236
251,239
250,236
246,235
242,229
239,229
240,230
246,235
245,234
245,233
249,235
252,238
249,236
247,234
241,230
239,229
241,230
245,234
245,233
245,234
248,236
251,238
250,235
246,235
241,230
239,229
241,231
246,232
246,233
245,234
248,235
252,238
249,237
244,235
240,230
239,229
240,230
246,234
246,233
246,234
248,235
251,238
247,237
245,234
241,230
239,229
241,230
245,234
245,234
245,234
248,236
252,238
251,236
246,233
240,229
239,229
240,229
244,234
246,233
245,234
248,236
251,239
249,237
247,234
240,229
238,229
240,230
246,234
245,234
246,234
249,236
252,239
250,237
246,234
240,229
239,229
240,229
246,234
244,234
246,233
248,236
252,238
250,234
247,234
240,229
238,229
240,230
246,233
245,232
246,233
247,236
251,238
250,236
245,235
241,229
238,229
240,230
246,234
245,234
245,234
248,235
251,238
249,236
244,235
240,229
239,229
240,229
247,233
245,233
245,234
247,236
251,238
249,235
244,234
240,229
238,229
240,229
246,233
245,231
244,234
247,235
251,238
250,235
247,232
241,229
239,229
239,230
246,234
246,233
245,233
248,235
250,238
249,236
246,234
241,229
239,229
240,229
246,234
243,234
245,233
247,235
251,237
249,234
246,233
240,229
239,229
239,230
247,233
245,232
245,233
247,235
250,238
247,236
246,234
241,229
239,229
239,230
246,234
243,233
245,233
247,234
250,237
249,235
247,233
241,230
239,229
240,229
246,234
245,233
244,233
247,235
250,237
248,236
245,234
240,230
239,229
239,229
245,235
245,233
245,233
247,235
250,237
248,237
246,232
241,229
239,229
239,229
244,234
244,233
244,233
247,234
250,237
249,235
246,233
241,230
238,229
239,229
246,234
244,233
244,233
246,235
249,237
249,236
244,234
241,230
238,229
239,229
244,234
244,233
244,233
246,234
249,237
249,235
246,233
242,230
238,229
238,229
245,235
244,234
244,233
247,234
249,237
247,236
245,234
240,230
239,229
239,228
245,234
244,232
243,233
246,234
249,236
248,234
245,234
240,230
238,228
238,228
246,234
242,233
244,233
246,234
248,236
247,236
245,234
241,229
238,228
238,228
245,232
242,233
244,232
246,234
249,236
248,235
246,234
240,229
238,228
238,228
244,233
243,232
244,232
246,234
248,236
248,235
244,234
240,229
238,228
237,228
244,233
245,231
244,233
246,235
248,236
248,234
245,233
240,229
237,228
237,228
244,234
244,232
244,232
247,234
248,236
248,236
246,233
239,229
237,228
237,228
242,234
243,233
244,232
246,235
248,235
248,235
245,234
239,229
236,227
237,228
244,233
244,231
244,232
246,234
247,236
248,235
244,233
240,228
236,227
236,228
243,233
243,230
243,232
246,234
247,236
248,235
245,233
239,229
236,227
237,227
244,232
243,233
243,232
245,234
248,235
248,235
244,234
239,229
236,227
236,228
244,232
243,231
243,232
245,234
247,235
245,235
243,234
239,228
236,227
236,227
243,232
241,232
243,232
245,234
247,235
247,234
244,233
239,229
236,227
236,227
242,233
243,232
243,232
245,234
247,235
247,234
244,233
239,229
235,227
236,227
243,231
243,230
241,232
244,233
246,235
246,234
244,232
239,228
235,227
236,227
242,232
241,231
242,232
244,232
246,234
246,233
243,232
239,229
236,227
236,226
242,231
239,231
242,231
243,233
246,234
247,233
242,233
238,229
235,227
236,227
242,232
241,231
240,231
242,232
244,234
244,235
243,232
239,228
234,227
234,227
241,232
241,230
241,231
242,232
245,234
244,234
240,232
238,228
235,226
235,226
240,230
240,231
240,231
241,232
244,233
245,234
242,230
238,228
234,226
234,226
240,231
240,230
240,231
241,232
244,233
243,234
241,232
237,228
234,226
234,226
240,230
240,231
239,231
241,231
243,233
244,233
241,232
237,228
234,226
233,225
238,231
239,228
238,230
241,231
243,234
244,233
241,229
236,228
233,225
233,225
238,230
237,230
239,230
241,232
243,233
244,232
240,231
236,227
232,225
233,225
239,230
239,229
238,230
241,231
243,233
244,233
241,231
237,228
233,225
233,225
238,230
239,230
239,230
241,231
243,233
244,233
241,228
237,227
233,225
233,225
239,230
239,230
239,229
241,231
243,233
244,232
240,231
237,227
233,225
233,225
239,229
240,228
240,230
240,230
243,233
244,233
241,231
237,227
233,225
234,224
237,230
239,229
238,229
239,230
242,232
241,231
236,228
229,225
223,221
219,220
221,223
218,221
214,220
209,219
206,219
200,215
190,213
178,206
167,201
159,198
157,201
152,197
145,196
140,195
138,195
133,195
127,191
121,186
114,183
112,182
116,186
114,185
114,185
115,186
117,188
117,188
114,186
110,182
106,180
106,179
112,183
112,185
113,184
114,185
117,188
118,188
114,187
109,183
106,180
106,180
111,184
114,184
113,184
114,186
118,188
119,187
114,186
111,183
106,180
107,180
112,184
114,184
113,185
115,186
118,188
118,189
115,186
111,182
106,179
106,180
112,185
111,186
114,185
115,185
119,189
119,189
114,186
111,183
106,180
106,180
112,184
114,184
114,185
115,186
119,188
118,189
116,187
113,183
109,181
110,182
117,187
122,185
125,189
130,191
137,195
143,197
143,196
145,195
145,193
149,195
160,200
164,203
167,204
172,206
178,210
185,211
186,211
189,210
190,210
196,212
205,219
214,220
219,222
225,224
232,229
235,231
234,230
233,227
230,224
232,224
237,230
239,229
238,230
240,230
244,233
244,233
242,231
238,228
234,224
234,224
239,228
238,227
240,226
239,225
242,226
242,224
238,220
234,213
226,206
224,202
227,201
225,196
223,190
221,184
221,182
219,177
212,169
207,160
199,151
197,145
199,146
198,140
196,139
196,136
198,137
198,135
194,131
190,126
184,121
183,119
187,122
189,123
189,123
189,123
194,126
192,128
191,125
188,122
182,117
181,116
187,120
187,122
188,122
189,122
193,126
195,127
192,125
187,122
182,116
182,116
186,119
185,122
188,121
189,122
192,126
195,127
190,124
188,121
182,116
181,115
186,120
188,121
187,122
188,122
193,125
194,126
191,124
188,121
181,115
181,115
187,118
187,120
187,119
189,120
191,124
194,125
191,123
188,121
182,117
183,118
187,124
188,127
193,130
195,134
200,141
203,146
200,146
199,144
193,139
193,140
199,146
202,149
204,154
208,160
215,170
221,179
222,183
221,191
220,193
223,200
231,210
236,216
237,220
240,224
244,228
247,231
244,230
242,229
236,225
236,226
242,229
243,231
243,231
244,232
247,234
248,236
246,233
244,231
237,226
237,227
242,231
244,233
244,232
245,232
248,235
248,237
247,233
243,232
237,227
238,228
242,231
243,233
244,232
244,233
248,236
250,237
247,234
244,232
236,227
237,228
242,231
244,233
243,233
245,233
248,236
250,237
246,234
245,232
237,227
238,228
242,231
244,232
244,233
245,233
249,236
251,237
247,233
244,233
237,226
237,228
242,230
244,231
244,233
245,234
249,236
251,238
247,233
244,233
237,227
238,228
242,231
244,233
245,232
245,233
248,236
251,238
246,235
243,233
238,227
238,228
241,231
245,231
245,233
245,234
249,236
251,237
247,234
245,233
237,227
238,228
242,231
245,233
245,231
245,234
249,236
251,237
247,233
245,234
237,227
238,228
242,231
245,233
245,232
246,234
249,236
250,238
248,235
245,234
238,227
238,228
242,230
245,233
244,234
246,234
249,236
251,238
247,235
245,234
238,228
238,228
242,231
246,233
246,233
245,233
249,236
251,237
247,235
245,234
237,228
238,228
242,231
245,231
245,233
245,233
248,236
251,238
247,234
246,233
238,228
238,229
241,231
245,233
245,231
245,234
249,236
251,238
248,233
243,234
238,228
238,229
243,231
245,231
245,233
245,233
248,236
252,237
248,234
246,234
238,228
238,228
242,231
244,234
243,233
245,234
248,236
251,238
247,235
246,234
239,228
238,229
241,232
245,233
244,234
246,233
249,236
251,238
247,235
246,234
239,228
239,228
243,231
244,234
244,234
246,234
250,237
252,238
247,235
244,234
238,227
238,229
242,231
246,233
246,232
246,234
249,237
252,239
248,235
245,234
239,227
238,229
241,231
245,231
246,233
246,234
250,236
251,238
248,235
247,233
238,229
238,228
242,231
245,234
245,233
246,234
249,237
252,238
249,235
246,235
237,229
238,228
242,232
245,232
245,233
246,235
249,237
252,237
248,233
246,234
239,228
238,229
242,232
245,233
245,233
246,234
250,236
251,238
248,233
246,235
238,229
238,229
242,231
244,234
246,234
246,234
250,237
252,238
248,235
246,233
237,228
237,228
242,231
245,234
245,234
245,235
250,238
252,239
249,235
246,234
239,227
238,228
241,231
245,232
244,234
246,234
250,237
252,238
249,233
244,235
239,228
238,228
242,231
246,233
246,233
246,234
250,237
252,238
249,235
247,232
239,228
238,228
242,231
245,234
247,232
246,234
249,237
252,238
248,236
245,235
240,229
238,229
241,231
245,234
245,233
246,234
250,236
251,239
247,236
246,234
240,229
239,229
242,231
245,232
243,234
245,234
249,237
251,238
248,235
246,235
240,229
238,229
242,231
246,234
246,233
245,234
249,237
251,238
249,236
246,235
240,229
238,229
241,231
246,233
246,232
246,234
250,236
251,238
248,234
246,234
239,229
239,228
242,230
243,235
243,235
246,234
250,237
251,238
250,233
246,234
240,229
238,228
241,231
245,234
244,234
246,234
250,237
252,238
248,237
248,234
239,228
237,228
241,231
246,233
245,234
246,234
250,237
252,238
249,234
246,234
239,228
238,228
241,230
246,233
246,233
246,234
250,237
252,239
249,236
246,234
239,228
238,228
241,231
246,234
246,231
246,235
250,237
252,238
249,237
246,235
239,228
238,228
241,231
245,234
246,234
246,234
250,237
252,239
247,236
246,235
239,229
238,228
241,231
245,234
245,233
246,234
249,237
251,239
250,235
247,234
239,229
238,228
240,231
246,233
246,233
246,234
250,237
251,239
249,236
246,235
240,229
238,229
240,231
246,233
245,234
246,234
250,236
252,238
249,236
246,235
239,229
239,228
241,230
245,234
246,233
245,234
249,237
252,239
250,235
247,235
240,229
239,229
242,230
245,234
246,233
246,234
249,237
252,238
249,236
247,233
241,229
239,229
241,230
245,234
244,234
246,234
249,236
252,238
250,236
246,235
241,230
239,229
241,230
246,232
245,234
246,234
249,236
251,239
247,236
247,235
240,230
239,229
241,231
245,234
246,233
245,234
248,236
252,238
248,237
245,235
241,230
239,229
241,231
244,234
244,234
245,233
249,236
251,238
248,237
244,235
241,230
239,229
241,230
245,234
245,234
245,234
248,236
252,238
249,237
247,235
241,230
239,229
241,231
246,233
246,233
246,234
248,236
252,239
249,236
246,235
241,229
239,229
240,230
246,233
246,233
246,234
249,236
251,239
249,237
247,234
241,230
239,229
241,230
245,234
245,234
245,234
248,236
252,239
250,236
245,235
241,230
239,229
240,230
246,234
245,233
245,234
248,236
251,239
248,237
247,235
241,229
239,229
240,230
246,232
246,233
245,234
249,236
251,239
247,237
247,234
241,230
239,229
241,230
243,234
245,234
245,234
248,236
252,239
250,236
247,233
241,230
239,229
240,229
246,233
247,232
246,234
248,236
252,238
248,237
247,235
241,230
239,229
240,230
244,234
244,234
246,234
249,236
252,239
249,237
247,235
241,230
240,229
241,230
246,234
245,233
245,234
248,236
252,238
250,236
247,235
241,230
239,229
240,230
246,232
246,233
245,234
248,236
252,238
250,237
247,233
242,229
239,229
240,230
245,235
246,234
246,234
249,235
252,239
250,235
247,235
241,230
240,229
240,230
244,235
246,234
245,234
248,236
251,239
250,236
247,234
241,230
239,229
241,229
247,235
246,233
246,234
248,236
252,239
250,237
247,234
241,228
239,229
240,230
244,236
243,234
246,234
248,235
252,239
248,237
247,235
241,229
239,229
240,230
245,235
245,234
246,234
248,236
251,238
250,236
247,234
240,230
239,229
240,230
247,234
246,231
246,234
248,236
251,238
249,237
247,235
242,229
239,229
240,230
247,235
246,233
246,234
249,235
251,238
250,234
246,235
241,230
239,229
240,229
246,235
246,233
245,234
248,236
251,238
250,237
247,234
241,230
239,229
240,230
246,235
246,232
246,234
248,236
251,238
250,236
247,232
242,229
239,229
240,230
245,235
243,234
246,233
248,235
250,238
250,237
246,235
241,230
239,229
240,229
246,234
245,232
246,234
248,236
251,238
250,236
246,235
241,231
239,229
239,229
245,235
246,233
245,234
248,236
251,238
250,236
248,235
242,230
239,229
239,229
246,233
246,233
245,234
248,235
251,238
249,236
247,234
241,230
239,229
239,229
246,235
246,231
245,234
247,236
251,238
250,236
246,235
241,230
239,229
238,229
246,234
247,233
245,234
248,236
251,237
250,236
247,234
242,230
238,229
239,229
246,233
245,234
245,234
248,235
250,238
251,235
247,232
241,230
239,229
239,229
245,235
246,233
246,234
248,236
250,237
249,237
247,233
240,230
238,229
239,229
246,234
244,234
245,234
248,236
250,238
250,237
246,235
241,229
238,229
239,229
246,234
245,234
246,234
248,236
250,237
250,236
247,235
241,230
238,228
239,228
246,234
246,233
245,234
248,236
250,237
250,236
247,234
241,230
238,229
238,229
246,233
246,233
245,234
247,236
250,237
251,235
247,234
241,230
238,228
239,229
245,234
246,233
245,234
248,235
249,237
249,237
246,235
242,230
239,229
239,229
244,235
245,234
245,233
247,235
249,237
250,236
245,235
241,231
238,229
239,228
246,234
243,234
245,234
247,235
249,237
250,235
247,235
243,230
239,229
239,229
244,234
245,234
246,233
247,235
249,237
248,237
247,234
242,230
239,228
239,228
245,233
245,233
245,233
247,235
249,236
250,235
247,234
242,230
239,229
239,229
246,234
245,233
244,234
247,235
249,237
250,236
247,235
242,230
239,229
239,229
245,234
245,234
244,234
247,235
249,236
250,237
246,235
243,230
239,229
239,229
246,234
245,234
245,234
247,235
249,237
248,237
246,235
242,231
238,229
239,229
245,234
243,233
245,234
247,235
249,236
250,237
245,235
242,230
238,229
238,229
245,234
245,232
245,233
247,234
249,237
249,237
247,234
242,230
238,228
238,228
244,234
245,231
245,233
247,234
250,237
250,236
245,235
242,230
238,228
238,228
245,233
245,233
245,233
246,235
249,236
250,236
245,235
242,230
238,228
238,228
245,234
245,233
245,233
246,234
249,237
249,237
246,232
242,231
238,229
239,228
244,232
244,234
244,233
246,234
249,236
250,236
246,234
242,230
238,228
238,228
244,234
245,233
245,233
246,234
248,236
248,236
247,232
242,230
238,228
237,228
244,233
244,233
244,233
246,234
249,236
249,236
244,234
242,230
238,228
238,228
244,232
242,233
244,232
246,234
249,236
248,236
246,234
241,230
237,228
237,228
243,233
244,230
244,233
245,234
248,236
249,236
245,234
242,229
237,228
237,228
242,234
244,233
245,232
246,234
249,236
249,235
246,233
241,230
237,228
237,227
244,232
242,233
244,233
246,234
249,236
249,236
245,233
240,230
237,228
237,228
243,233
244,232
243,233
245,234
249,236
249,236
243,234
241,229
236,227
237,227
243,232
243,233
244,232
245,233
248,236
247,236
246,231
241,230
237,227
237,227
243,232
243,230
244,233
244,233
248,236
249,236
245,234
241,230
236,227
236,227
241,232
244,230
243,233
244,233
248,236
248,236
245,234
241,229
236,227
236,227
241,232
243,232
243,232
244,232
248,236
248,236
245,233
241,230
236,227
236,227
241,232
242,231
242,232
243,232
247,235
248,233
245,233
240,230
236,227
236,227
240,232
243,229
242,231
243,233
247,235
248,236
244,234
241,230
235,227
235,227
241,232
242,232
241,232
243,232
247,236
247,236
244,233
240,229
235,226
236,226
241,232
242,232
241,232
243,232
247,235
247,235
244,232
239,230
235,227
235,227
241,231
243,231
241,232
242,232
246,235
248,235
243,233
241,229
235,226
235,227
239,232
241,231
241,231
242,231
246,235
246,236
244,233
240,229
234,226
234,226
239,232
241,231
241,231
242,232
246,235
248,234
242,233
239,229
233,226
234,226
238,230
242,230
240,231
241,231
245,235
247,235
243,232
240,228
233,225
233,226
240,230
241,231
241,230
241,231
245,234
246,235
242,232
238,229
233,225
234,225
239,231
238,230
240,230
241,231
245,234
246,234
242,231
238,229
232,225
233,225
238,229
240,228
239,230
241,231
244,234
245,235
241,231
239,228
232,224
232,225
238,229
239,228
240,230
241,230
244,234
245,235
242,231
239,228
232,224
233,224
238,228
239,230
239,229
240,231
244,234
246,234
242,229
238,228
232,224
233,225
238,229
240,229
239,230
240,231
244,234
244,234
242,231
238,228
232,224
232,225
238,228
239,228
239,229
239,230
241,233
242,232
235,229
230,225
219,219
216,218
216,222
211,221
205,218
199,216
196,216
189,214
176,207
165,202
150,195
144,193
140,194
137,193
132,191
128,190
128,192
126,190
121,187
116,185
108,179
108,180
112,183
111,185
113,185
114,185
118,188
117,189
115,186
113,184
105,179
106,180
111,183
113,185
113,185
114,186
118,188
120,190
116,186
113,184
105,178
106,180
110,183
114,185
113,185
115,186
118,188
120,188
115,187
114,184
106,179
107,180
111,183
114,183
113,185
115,186
118,188
120,190
116,186
114,185
106,179
107,180
111,183
114,185
114,184
115,186
119,188
121,190
117,187
115,184
106,179
108,181
113,183
116,185
118,187
120,188
127,191
132,194
131,191
133,189
127,186
133,189
142,193
151,196
155,199
160,202
167,206
172,208
168,206
172,205
166,200
172,203
180,208
187,212
195,215
203,217
213,222
221,225
222,223
225,224
220,220
225,222
231,226
237,228
237,230
240,231
245,234
247,235
244,231
242,231
233,224
235,226
239,229
243,229
243,230
244,230
247,233
248,234
244,229
242,228
232,220
233,220
236,222
239,223
238,219
238,220
241,221
242,219
236,213
232,209
222,198
220,195
222,194
224,191
221,188
219,184
221,182
221,180
216,171
212,165
200,155
198,152
200,150
200,149
202,145
201,144
203,145
203,144
196,139
196,134
186,125
185,124
188,125
191,126
190,126
191,127
195,129
197,130
192,127
190,126
182,117
181,116
184,118
189,120
187,123
189,123
194,126
195,129
192,126
191,123
180,116
180,115
184,118
187,122
188,122
190,122
193,126
196,128
192,125
191,122
181,115
180,115
184,118
188,120
188,119
189,122
193,126
195,128
190,125
187,123
180,116
181,115
184,117
187,121
186,122
189,122
193,126
196,128
191,125
189,124
181,115
180,115
184,118
186,121
189,121
189,123
193,126
195,129
193,125
190,125
182,118
182,117
185,121
189,124
192,127
193,130
197,136
201,140
199,140
199,139
192,135
191,136
194,138
198,142
199,143
200,145
206,150
209,155
207,157
208,161
204,159
206,165
213,174
219,184
223,191
226,199
234,208
239,216
238,217
238,220
232,216
233,219
237,224
242,227
242,229
243,229
246,233
249,235
245,233
244,232
237,226
236,226
240,229
244,231
244,231
244,232
248,235
250,236
247,232
245,232
237,227
237,227
240,230
242,233
244,232
244,233
248,236
250,237
247,234
245,233
238,228
237,227
240,230
242,233
245,232
244,233
248,236
250,237
247,235
246,234
239,227
237,228
241,230
242,233
245,232
245,233
249,235
250,237
248,234
245,233
239,228
237,228
241,230
244,233
244,233
245,233
249,236
250,238
248,233
244,234
238,228
238,228
241,230
245,233
245,232
244,233
248,236
250,237
247,235
245,233
239,228
237,228
241,231
245,233
245,232
245,233
249,236
251,237
248,235
245,234
239,229
237,228
240,230
244,233
242,234
245,233
248,236
250,237
248,234
246,233
239,229
238,228
241,230
245,233
245,232
245,233
248,236
250,238
248,235
246,232
239,228
237,228
241,230
245,232
245,233
245,233
250,236
251,238
248,235
246,232
239,228
238,228
241,230
245,233
244,234
245,234
249,236
251,238
249,233
246,235
239,229
237,228
241,230
245,231
245,233
246,233
249,237
251,238
248,236
246,233
240,228
238,228
241,230
244,233
245,234
246,233
249,236
251,238
247,236
246,233
240,228
238,228
241,231
245,233
245,233
245,233
249,236
252,238
249,234
246,235
239,229
238,228
240,231
243,234
245,233
246,234
249,237
251,238
248,236
247,234
239,228
238,228
240,230
245,232
245,234
246,234
250,236
252,239
247,236
246,234
239,228
238,228
241,230
246,233
245,234
246,234
250,237
252,238
249,236
247,234
240,229
238,228
241,230
245,233
245,233
245,234
249,237
251,239
249,236
247,234
240,228
238,228
241,230
246,233
246,234
246,234
249,236
252,239
249,236
247,235
240,229
239,228
241,230
246,233
245,232
246,234
249,237
252,238
250,235
247,232
240,230
238,229
241,231
246,233
245,233
246,234
249,237
252,238
249,237
247,235
240,229
239,229
240,231
245,234
244,234
246,234
249,236
252,239
249,236
247,234
240,230
239,229
240,230
243,234
243,234
246,234
249,236
252,239
249,236
246,235
239,230
239,229
240,230
246,233
246,233
246,234
248,236
252,239
250,235
247,235
241,229
239,229
240,231
245,234
246,234
246,234
249,236
252,239
250,235
246,235
241,230
239,229
241,230
246,233
245,233
246,234
248,236
252,239
251,234
246,234
240,230
238,229
240,230
246,233
246,232
246,234
249,236
251,239
248,237
247,234
240,229
239,229
240,230
246,234
245,234
246,234
249,236
252,239
248,237
246,235
241,229
239,229
241,229
245,234
243,234
246,234
249,236
252,239
250,236
247,235
240,229
239,229
240,230
246,232
246,234
246,234
249,236
252,239
250,237
247,234
241,229
239,229
240,230
245,234
245,234
246,234
249,236
252,239
250,238
245,235
241,230
239,229
241,230
245,233
244,234
246,234
248,236
252,239
249,237
246,235
241,229
239,229
240,230
246,233
246,233
246,234
248,236
252,239
250,237
246,235
241,230
239,229
240,230
246,235
246,234
246,234
248,235
252,239
250,236
247,235
242,230
240,229
241,230
247,234
246,232
246,234
248,236
252,239
250,235
247,235
241,230
239,229
240,231
246,235
245,233
246,234
248,236
252,239
250,237
247,235
241,230
239,229
240,230
246,235
246,233
246,234
249,236
252,238
250,237
247,235
241,230
239,229
240,229
246,235
245,235
246,234
249,236
252,237
251,236
245,235
241,229
239,229
240,230
246,235
246,234
246,234
248,236
251,238
250,235
247,234
241,229
238,229
239,230
245,236
243,234
246,234
249,236
251,239
249,238
245,235
241,230
239,229
240,230
247,234
245,234
245,234
248,236
252,238
251,235
248,234
241,230
239,229
240,230
247,234
247,233
245,234
248,236
251,238
250,237
247,234
242,229
239,229
239,229
246,235
245,234
246,234
249,236
251,239
250,237
247,235
241,229
239,229
239,228
246,235
244,234
246,234
249,236
251,238
251,236
247,235
241,230
239,229
239,229
247,234
246,231
245,234
248,236
252,238
251,236
247,235
241,229
239,229
239,229
246,234
245,234
246,234
249,236
251,238
250,237
248,234
242,229
238,229
239,228
246,234
245,234
245,234
248,236
251,238
249,237
246,235
241,230
238,228
239,229
245,235
246,231
245,234
248,236
250,238
249,237
247,234
241,229
239,229
239,229
244,236
245,234
246,234
249,236
250,237
250,237
247,234
241,230
239,229
240,229
246,234
246,234
246,234
248,236
250,237
251,236
247,235
242,231
239,229
239,229
247,234
245,234
245,234
248,236
250,237
250,236
247,232
243,230
239,229
239,229
246,234
246,233
245,234
248,235
250,237
250,237
248,234
242,231
240,229
239,229
246,234
246,234
245,234
248,236
250,237
249,237
247,236
242,230
239,229
239,229
247,233
246,233
245,234
247,236
250,237
250,237
248,234
243,231
239,229
239,229
246,234
245,234
246,234
248,235
250,237
250,237
247,233
242,231
239,229
240,229
245,234
246,231
245,234
248,235
250,237
251,236
247,235
242,230
239,229
239,229
245,234
246,233
245,234
248,236
250,237
251,237
248,235
242,230
238,229
239,229
245,234
244,234
246,234
248,235
250,237
251,235
247,236
242,231
239,229
239,229
245,235
245,234
246,234
248,236
250,237
251,237
247,235
242,230
238,229
239,229
246,232
243,234
246,234
247,236
250,237
250,236
247,235
243,230
239,229
239,229
246,234
245,234
246,234
248,235
250,237
250,237
247,235
243,231
239,229
239,228
245,235
243,234
245,234
247,235
250,237
251,237
247,236
243,231
239,229
239,229
246,233
246,234
245,234
247,235
250,237
251,235
248,233
243,231
239,229
239,229
246,234
246,231
245,234
247,235
250,237
251,237
247,234
243,232
239,229
239,228
245,234
245,234
245,234
247,235
250,237
251,236
246,236
243,232
239,229
239,229
246,233
246,234
245,234
247,235
250,237
251,237
248,236
243,231
239,229
239,229
245,234
246,233
246,234
247,234
249,237
250,237
246,236
243,232
239,229
239,229
245,233
246,233
245,234
247,235
250,237
250,237
247,236
243,232
239,229
239,229
245,234
247,231
245,234
246,235
250,237
250,238
248,234
244,232
239,229
239,229
245,234
243,234
245,234
247,234
249,237
250,237
248,235
244,232
240,229
239,228
245,234
245,234
245,234
246,234
250,237
250,237
246,236
243,232
239,229
239,229
245,234
246,232
245,234
247,235
250,237
250,237
248,235
244,231
239,229
239,229
244,234
246,231
246,234
246,234
250,237
250,238
248,233
244,232
239,229
239,229
245,234
246,233
245,234
246,234
250,237
251,237
247,236
243,232
239,229
239,229
245,234
245,234
245,234
246,234
250,237
250,238
248,235
244,231
239,229
239,229
245,233
246,234
246,233
246,234
250,237
250,237
248,234
244,232
239,229
240,229
245,233
246,234
246,233
246,234
250,237
252,236
248,235
244,232
239,229
239,229
245,234
246,233
244,234
246,234
249,237
251,237
247,235
244,232
239,229
239,229
244,233
246,233
245,234
246,233
250,237
250,238
248,235
244,232
240,229
239,229
244,234
245,233
245,234
246,234
250,237
251,235
248,235
244,232
239,229
239,229
244,234
247,233
245,234
245,234
250,237
251,238
248,235
244,232
239,229
239,229
244,234
246,234
246,233
246,234
250,237
251,239
246,235
244,232
239,229
239,229
244,233
246,233
245,233
246,234
250,237
251,237
248,235
244,232
238,229
238,229
245,233
246,233
244,234
246,234
250,237
252,238
248,234
244,232
238,228
238,229
242,234
245,234
245,234
246,234
250,237
251,238
248,235
245,232
238,228
239,228
243,234
246,233
245,234
246,234
250,237
250,238
248,235
244,232
238,228
239,229
244,233
246,234
245,234
246,234
250,237
251,238
248,235
244,232
238,228
238,229
244,233
246,233
245,234
246,234
250,237
249,238
247,235
244,233
238,228
239,228
244,233
245,234
246,233
246,234
249,237
252,237
247,235
244,233
238,228
239,229
243,233
246,231
245,233
246,234
249,237
251,238
248,235
244,232
238,228
239,229
244,233
245,234
245,233
246,233
249,236
251,236
248,233
245,233
239,228
239,229
244,232
245,231
244,233
245,234
249,236
252,235
248,233
244,233
238,228
239,229
243,233
245,232
244,233
245,233
249,236
251,238
247,236
245,233
238,229
238,229
243,232
246,233
245,233
245,233
248,236
250,238
245,236
245,233
239,228
239,228
243,232
245,234
245,233
246,234
249,236
250,238
246,236
245,233
238,228
238,228
242,232
245,233
244,233
246,234
249,236
251,238
247,235
246,232
238,228
239,228
242,232
245,233
245,233
246,233
248,236
250,238
247,235
245,233
238,228
239,228
242,232
246,233
245,233
245,233
249,236
251,237
247,235
245,233
238,228
239,229
242,232
243,233
245,233
245,233
248,236
251,237
248,234
246,234
238,228
238,229
241,232
245,232
245,231
245,233
248,235
251,237
246,235
245,234
238,228
239,229
242,231
245,233
245,233
246,233
248,236
251,237
247,234
245,234
238,228
239,229
242,231
245,233
245,231
245,233
248,236
251,237
247,235
246,233
238,228
238,229
242,231
244,233
245,233
245,233
248,236
251,237
247,235
246,231
238,227
238,228
241,231
244,233
245,231
244,234
248,236
251,237
247,235
245,234
238,228
238,228
241,231
244,233
245,233
245,233
248,236
251,237
247,235
246,232
237,227
238,228
241,230
244,233
245,232
245,233
248,236
250,237
248,235
244,234
238,228
238,228
240,231
243,234
245,232
245,233
248,236
251,237
246,235
245,233
238,228
237,228
241,231
244,232
245,232
245,233
248,236
250,237
247,234
244,233
238,228
238,228
240,231
244,233
245,232
245,232
248,236
249,237
245,236
245,233
238,228
238,227
241,231
243,233
243,232
244,232
247,235
250,237
246,235
245,234
238,228
238,228
241,230
244,233
244,232
244,233
247,235
250,237
247,232
245,233
238,228
237,228
240,230
243,233
244,232
243,232
247,235
249,237
246,234
245,232
239,227
238,227
240,230
243,233
243,232
243,232
247,235
249,236
246,235
245,233
238,228
237,228
240,230
243,232
243,233
243,232
247,235
249,236
246,233
245,233
237,228
237,228
240,230
244,232
243,232
244,233
246,235
249,236
246,234
245,231
238,228
237,227
239,230
243,232
240,232
243,232
247,235
249,236
245,235
244,232
238,228
237,227
240,230
243,232
243,232
243,232
246,235
249,236
245,234
245,231
237,228
236,228
239,230
243,231
242,232
243,231
246,235
248,236
245,234
244,231
237,228
236,227
239,230
242,232
242,231
243,232
246,234
248,236
245,234
244,230
237,228
236,227
239,229
241,232
242,232
243,232
245,234
248,236
245,233
243,233
237,228
236,227
238,229
243,231
242,230
243,231
245,234
247,236
246,232
243,232
237,228
236,226
238,229
242,230
241,231
242,232
245,234
248,235
245,234
241,233
237,227
236,227
239,229
242,231
242,231
242,231
245,234
247,236
244,234
243,232
237,227
235,227
238,228
242,231
242,229
242,231
245,234
246,235
244,234
242,232
236,227
235,226
237,229
241,229
241,231
241,231
244,234
246,235
242,233
243,231
236,227
235,226
237,228
242,230
241,231
241,231
244,233
246,235
244,234
241,231
236,227
235,226
236,229
241,232
241,231
242,231
244,233
246,235
242,233
240,232
236,227
234,226
237,228
240,230
241,231
241,231
244,234
247,234
242,233
241,232
236,226
234,226
236,228
241,230
241,230
241,230
244,234
246,235
242,233
243,230
236,227
235,226
236,228
239,231
241,231
242,230
243,233
246,234
242,233
240,231
236,226
235,225
236,227
241,230
240,231
241,230
244,233
247,234
244,233
242,231
236,227
235,226
236,228
240,230
241,230
242,230
244,234
247,235
244,234
243,230
236,227
234,225
237,227
242,230
241,231
242,231
245,234
247,235
245,233
243,231
236,226
235,225
237,228
241,231
242,231
242,231
245,233
248,235
246,233
243,229
236,227
235,226
237,227
242,230
242,231
242,231
245,234
248,236
243,234
244,231
237,226
235,226
237,227
242,230
242,229
242,231
244,233
247,235
244,232
240,229
232,225
229,223
226,225
228,226
226,225
221,224
219,224
216,223
207,219
196,213
182,207
173,204
166,202
162,202
153,199
148,198
144,198
142,198
133,194
128,191
119,184
115,183
114,183
117,185
115,186
115,186
117,188
120,190
118,187
114,186
108,181
106,179
107,182
113,185
114,182
114,186
116,188
120,190
118,188
114,184
108,180
106,180
109,181
114,184
113,185
114,185
117,187
120,190
117,186
115,186
108,181
107,181
108,181
113,186
114,185
114,185
117,188
120,191
118,189
115,186
109,181
108,180
109,182
115,185
115,186
116,187
120,189
125,192
124,191
123,190
119,184
121,186
125,188
133,194
139,194
144,197
151,201
159,205
162,205
163,204
160,199
163,201
168,203
177,206
180,210
185,211
193,215
201,220
206,220
209,220
208,216
213,218
218,222
227,228
232,226
235,229
240,233
246,235
244,234
243,230
237,227
236,227
237,229
245,232
243,233
244,233
247,235
250,237
249,234
246,230
238,228
237,228
238,229
243,233
244,231
245,232
246,234
250,236
247,232
244,231
238,225
236,224
236,224
242,228
240,226
240,225
242,225
244,225
239,222
237,216
228,208
224,203
224,200
228,199
224,194
222,189
222,186
222,183
217,176
213,165
203,158
198,151
197,147
202,147
197,143
198,140
198,139
200,139
197,135
193,131
186,123
183,120
182,119
187,123
185,123
188,121
190,124
194,126
193,125
190,123
183,118
181,116
181,115
187,121
186,121
187,120
189,123
193,126
192,125
189,123
183,117
181,115
181,116
188,120
188,119
187,120
189,123
194,126
192,126
189,124
183,118
180,116
181,115
187,121
187,119
188,121
190,123
193,127
191,127
189,125
184,121
183,119
183,119
191,127
192,129
193,131
197,136
201,143
202,145
200,145
196,141
194,141
194,141
200,147
201,148
203,152
208,158
212,165
215,170
215,174
212,176
213,181
216,186
227,197
229,202
231,208
236,215
241,221
243,224
239,225
237,221
235,222
235,224
243,230
243,229
242,230
245,232
247,234
247,234
244,233
239,228
237,227
237,227
244,232
242,232
244,231
246,233
248,234
248,234
245,230
240,229
237,227
237,228
245,233
243,232
244,232
246,234
248,235
248,235
245,233
240,229
237,228
238,228
242,234
243,233
244,232
246,234
248,236
249,235
246,231
241,229
238,228
238,227
243,233
243,232
244,232
246,234
248,235
248,235
243,234
241,229
238,228
238,228
245,232
245,231
243,233
246,234
248,236
248,236
246,233
241,229
238,228
238,228
245,233
245,232
244,233
246,234
248,236
248,234
246,233
241,229
238,228
238,228
244,234
245,232
244,233
246,234
249,236
249,235
245,235
241,230
238,228
238,228
245,233
245,233
245,233
246,235
248,236
249,236
246,233
242,230
238,228
238,228
245,233
245,232
244,233
247,234
248,236
249,235
247,233
242,230
239,228
239,228
244,234
245,233
244,233
246,235
249,236
250,235
246,234
241,231
238,229
238,229
245,234
243,233
245,233
246,235
249,236
249,236
247,234
242,230
238,229
238,229
245,234
245,231
244,234
247,234
249,236
249,236
247,235
242,231
238,228
238,228
245,232
244,232
245,234
247,235
250,237
248,237
246,234
242,230
238,228
238,228
246,234
245,233
245,233
247,236
250,237
251,235
246,235
242,229
238,228
238,229
243,234
245,233
246,234
248,235
249,237
250,237
246,236
242,230
239,228
239,228
245,234
246,233
245,233
247,235
250,237
251,236
247,234
242,230
238,229
239,228
245,234
246,233
246,234
247,235
250,237
250,236
248,234
243,231
238,229
239,229
244,234
244,235
246,234
247,234
249,237
248,237
245,235
243,230
239,229
239,229
245,233
243,234
245,234
247,235
250,237
251,237
248,235
243,231
239,229
239,229
245,233
246,233
245,233
246,235
250,237
250,237
246,235
244,231
239,229
239,229
244,234
245,233
246,233
247,234
250,237
250,237
247,235
243,231
239,229
239,228
243,234
243,234
246,234
247,235
250,237
251,237
247,234
242,231
238,228
238,229
245,234
244,234
246,234
247,235
250,237
251,237
245,235
243,230
238,228
238,229
245,233
244,234
245,234
247,235
250,237
251,238
248,234
243,231
238,228
238,228
244,234
246,233
245,234
247,235
251,237
252,236
246,235
243,231
238,228
239,228
244,232
246,232
245,234
246,234
251,237
251,238
248,235
244,231
238,228
238,228
245,233
245,234
246,234
247,234
250,237
249,238
247,233
243,231
238,228
238,228
244,234
245,232
245,234
247,234
250,237
252,237
247,235
243,231
238,228
239,229
245,232
245,234
245,234
246,234
250,237
252,235
249,234
244,231
238,229
239,229
245,233
246,234
246,234
246,234
250,237
251,237
248,235
244,231
239,229
238,228
244,234
246,233
245,234
246,234
250,237
251,237
245,236
243,232
238,228
238,228
244,232
247,233
244,234
246,234
250,237
251,238
248,235
244,232
238,228
238,229
244,234
245,233
245,234
246,234
250,237
251,238
247,235
243,232
238,228
238,228
244,232
245,234
245,234
246,234
250,237
252,237
245,235
244,231
238,228
238,228
243,234
246,233
245,233
246,234
250,237
251,238
247,234
244,231
238,228
238,228
243,233
246,234
245,234
247,233
250,237
251,237
245,236
244,232
238,227
239,228
244,234
246,233
246,233
246,234
250,237
250,238
248,235
244,233
238,228
238,229
244,232
245,234
244,234
245,235
250,237
252,237
247,235
244,232
238,228
238,229
244,233
245,234
245,233
246,233
249,237
251,238
248,235
244,232
239,228
239,228
244,233
245,233
245,234
246,234
250,237
251,238
248,233
244,232
238,228
239,229
244,234
245,233
245,233
245,234
250,237
251,238
247,235
245,233
238,228
239,229
244,232
246,232
245,234
246,234
250,237
252,238
247,236
245,233
238,228
238,228
242,233
246,233
245,234
246,234
250,237
251,238
247,236
244,233
238,228
238,228
242,233
245,234
245,234
246,235
250,237
253,237
248,235
245,233
237,228
237,228
244,232
246,231
245,234
246,234
250,238
250,239
248,235
245,233
237,227
238,228
243,233
245,234
245,234
247,234
250,238
253,238
248,234
245,233
237,227
238,228
242,233
245,233
245,233
246,235
250,238
252,238
249,234
246,233
237,228
238,228
243,231
246,233
245,233
246,234
250,237
252,238
247,235
245,234
237,227
238,228
242,232
246,234
243,234
247,234
250,237
251,238
249,235
246,233
238,227
238,228
242,232
246,233
245,234
246,234
249,237
252,239
248,235
246,233
238,228
238,229
242,232
245,234
245,234
247,233
249,237
252,238
247,235
247,233
238,228
239,228
242,231
245,233
245,234
246,234
250,237
252,238
247,235
246,233
237,228
239,229
243,231
246,233
245,233
246,234
249,237
252,238
248,235
246,234
238,227
238,228
242,231
245,233
245,234
246,233
249,237
252,238
248,234
246,232
238,228
238,228
242,232
245,233
246,233
246,234
250,236
252,237
248,235
246,234
238,228
238,229
242,232
246,232
246,231
246,234
249,237
252,238
248,234
246,234
238,228
238,229
242,232
246,233
245,234
246,234
250,237
252,238
248,234
246,234
238,228
239,228
242,232
245,234
246,233
246,234
250,236
252,237
247,236
246,234
238,228
239,229
242,231
246,233
244,234
246,234
249,237
251,238
248,235
247,233
238,228
238,229
242,231
245,234
246,233
246,233
249,237
252,238
248,235
246,235
239,228
239,228
242,232
243,234
245,234
245,233
249,236
252,237
248,235
245,235
238,228
239,229
241,232
246,233
245,233
245,233
248,236
251,238
247,236
247,233
238,228
238,228
241,231
245,233
245,233
246,233
249,236
251,238
247,235
246,234
239,229
239,228
241,232
245,233
244,234
246,233
248,236
251,238
247,234
244,234
239,228
239,229
242,231
246,233
245,233
245,233
249,236
251,238
248,235
244,234
239,229
238,228
241,231
246,233
245,233
246,232
249,236
251,238
247,236
246,234
239,228
239,228
242,231
245,234
244,233
245,233
249,236
251,237
248,235
246,234
239,229
239,229
241,231
245,233
245,233
245,233
248,236
251,238
248,235
246,234
239,229
239,229
241,231
245,233
245,233
246,233
249,236
251,238
248,233
246,234
239,229
239,228
241,231
245,234
243,234
246,233
249,236
251,238
248,233
246,234
239,229
238,228
241,231
246,232
245,233
245,234
249,237
251,238
248,234
246,234
238,228
238,228
241,231
245,233
245,233
246,233
249,237
251,238
248,233
246,233
238,228
238,227
240,231
245,233
244,234
245,234
250,237
252,238
247,236
246,234
238,228
237,227
241,231
245,233
245,233
246,234
249,237
252,238
249,235
246,234
238,228
237,227
240,230
244,234
245,234
246,234
250,237
252,239
246,236
246,232
238,227
237,227
240,230
244,234
246,233
246,234
250,237
253,238
248,236
244,234
238,227
237,227
240,230
243,233
245,233
246,234
250,238
252,238
247,236
247,233
237,227
236,227
240,230
244,231
245,234
246,234
250,237
252,239
248,236
247,233
238,227
237,226
240,230
244,234
245,233
246,234
250,238
253,238
249,235
245,235
237,228
236,227
240,230
243,233
245,231
246,234
250,237
252,238
248,236
244,234
238,228
237,227
240,229
243,234
245,233
246,234
249,237
252,239
248,236
245,234
238,228
237,227
240,230
242,234
245,233
245,234
249,237
252,238
249,234
245,234
239,228
237,227
239,230
246,232
244,233
245,234
249,237
251,238
248,236
244,234
239,228
238,228
239,230
244,231
243,234
246,234
248,237
251,238
248,236
245,234
239,229
238,227
239,230
244,233
245,233
245,234
249,236
252,238
249,233
246,234
238,228
237,227
240,229
245,232
245,231
245,234
249,236
251,238
249,236
246,233
238,228
237,227
239,230
244,234
243,234
245,233
249,236
252,238
248,236
246,234
239,228
237,227
239,229
244,233
242,233
245,234
249,237
253,238
250,236
245,234
237,228
237,227
239,230
245,232
244,232
244,233
248,236
252,239
248,236
244,233
238,229
237,228
239,229
245,233
244,233
246,233
248,236
252,239
249,237
244,234
239,228
237,227
239,229
243,234
244,233
245,234
248,236
252,238
248,234
246,233
239,229
237,227
239,229
245,232
243,232
245,233
248,236
252,238
249,236
246,231
238,228
236,227
238,229
242,232
244,232
245,233
248,237
253,240
248,237
243,235
238,228
236,226
237,228
243,232
244,233
245,233
249,237
253,239
249,238
246,233
237,227
234,226
236,227
243,232
244,232
245,233
249,237
254,240
251,236
247,233
237,227
234,226
236,227
244,232
244,232
245,233
249,237
254,240
251,238
245,234
237,227
234,225
235,227
242,232
243,233
244,234
250,237
254,240
249,238
246,234
236,227
233,225
235,227
243,232
244,230
245,233
249,237
254,240
252,238
246,233
237,226
233,225
235,227
243,229
244,230
245,232
248,237
254,240
251,238
246,234
237,227
233,224
234,227
243,232
242,232
245,233
249,237
254,240
251,238
245,235
237,227
233,225
235,227
244,232
243,232
245,233
248,237
254,240
250,236
246,233
237,227
233,225
234,227
244,232
244,231
244,232
248,237
253,240
248,238
246,234
237,226
233,224
234,226
243,232
243,233
244,233
248,236
253,240
251,237
246,233
237,227
233,225
234,226
243,232
242,232
244,234
248,236
252,239
249,238
244,233
237,227
233,225
234,226
243,232
243,231
244,233
248,236
252,239
251,237
245,233
237,226
233,224
234,226
242,231
243,231
244,233
248,236
253,239
251,237
245,232
237,226
232,224
233,225
242,230
243,231
244,233
248,236
253,240
249,239
246,233
236,226
232,224
233,225
242,231
243,229
244,232
248,236
253,240
251,237
246,233
236,227
233,224
233,225
242,232
241,230
243,233
248,236
252,239
251,237
243,234
236,227
232,224
233,225
241,231
242,233
243,233
247,236
251,239
251,237
243,233
236,227
232,224
232,225
242,231
243,231
244,232
247,236
251,239
250,238
246,233
237,226
233,224
232,224
241,231
241,231
244,233
247,236
251,237
250,235
245,234
237,227
232,224
233,224
240,232
241,230
243,233
246,236
250,237
251,237
246,232
236,227
232,225
232,225
239,232
242,230
243,232
246,235
249,237
250,237
244,233
237,227
233,224
232,225
240,232
241,232
243,233
246,235
250,237
250,237
245,233
237,227
232,224
232,225
242,231
241,232
242,232
246,235
250,237
250,236
243,233
237,227
231,224
232,225
241,231
242,231
243,232
246,235
249,237
250,237
245,232
237,227
232,224
232,225
239,232
240,232
242,232
246,235
249,237
247,237
243,233
237,226
232,224
232,224
239,231
240,231
242,232
245,235
248,237
249,237
244,231
236,227
231,224
231,224
239,230
240,231
242,231
245,234
249,237
248,236
242,233
237,226
231,224
232,224
239,231
240,231
241,231
245,234
249,236
250,237
241,233
237,227
231,223
231,224
240,230
241,230
241,232
245,234
248,236
249,234
244,232
236,227
231,223
231,224
239,231
240,230
242,230
244,234
247,236
249,234
244,230
236,226
231,223
231,224
239,230
240,229
242,231
245,234
248,236
249,236
244,232
236,226
231,223
230,223
239,229
240,230
240,231
244,234
248,236
248,236
241,232
236,226
230,223
230,223
238,230
240,229
241,230
243,233
248,236
248,236
244,232
236,227
230,223
230,223
238,228
239,230
241,230
244,233
249,236
249,237
242,233
237,226
230,223
229,223
238,227
239,230
241,231
244,233
249,236
251,237
244,233
237,226
230,222
230,222
237,229
239,230
242,230
244,233
249,237
251,237
245,233
238,227
231,222
230,222
238,228
240,229
241,230
245,233
249,237
252,237
245,234
238,228
231,223
230,223
238,228
240,230
242,231
245,233
250,236
252,238
246,233
239,227
231,223
230,222
238,229
241,230
242,231
245,233
250,237
251,238
246,231
239,227
232,222
230,222
238,229
239,228
240,231
243,232
247,235
245,236
239,230
229,223
218,217
212,216
216,218
211,219
205,218
201,217
198,218
192,216
178,208
162,200
147,193
138,190
138,193
134,192
130,191
129,192
131,194
130,193
123,189
115,183
106,178
104,177
109,183
111,185
114,185
116,187
122,191
124,191
118,188
111,182
102,177
102,176
109,183
112,182
113,185
116,187
123,192
123,192
118,189
110,182
103,177
102,177
110,182
110,185
114,185
116,187
122,191
123,193
118,188
111,183
102,177
101,177
108,183
112,184
114,186
117,187
123,192
124,194
120,188
112,183
103,177
102,177
110,182
112,185
117,186
119,189
127,193
132,194
127,192
123,186
117,182
119,183
132,191
139,194
144,196
151,200
162,206
168,208
165,205
162,201
157,197
159,197
170,203
173,206
180,210
187,213
199,220
208,223
209,221
209,217
206,214
211,216
221,223
229,224
233,229
238,231
247,237
249,239
246,234
241,229
230,222
230,222
238,229
241,231
244,233
246,234
255,240
257,241
250,236
242,230
231,223
231,223
238,230
243,231
244,232
247,234
254,240
256,240
247,235
242,229
230,221
229,221
237,226
241,227
242,228
244,229
251,234
252,234
245,227
237,219
223,207
222,204
227,207
228,206
229,202
229,201
235,201
235,198
226,188
215,177
200,162
197,154
201,157
203,154
202,150
203,149
209,152
211,151
203,141
194,133
179,121
177,117
185,121
186,123
188,124
192,126
199,132
201,136
195,127
188,122
175,111
173,108
179,114
185,117
186,120
190,123
198,130
203,132
194,129
187,121
175,110
173,108
180,112
184,114
186,119
189,122
198,129
202,132
195,127
188,121
175,110
173,108
179,114
185,116
185,120
190,123
198,131
201,134
196,128
188,123
176,112
174,110
181,117
186,120
188,124
193,129
202,139
208,145
202,144
198,140
186,132
186,132
194,139
198,143
199,146
204,151
212,160
218,165
214,168
212,169
203,166
205,172
216,185
223,195
228,202
235,210
243,221
248,228
243,227
240,224
229,218
230,218
235,227
241,228
242,230
245,232
252,237
255,237
249,234
243,231
232,222
232,223
238,229
241,231
243,232
245,234
252,238
255,239
249,235
244,230
232,223
232,223
239,229
242,229
244,232
246,234
252,239
256,238
249,236
245,232
233,223
232,223
239,229
242,231
243,233
246,234
252,239
255,241
250,236
244,232
233,224
232,223
238,229
243,231
244,232
246,235
252,239
256,241
249,236
244,233
233,224
232,224
238,230
241,232
244,233
246,234
253,239
255,242
249,237
245,232
234,224
233,224
239,229
242,231
243,233
246,234
252,239
256,241
250,237
244,233
234,224
233,224
239,230
243,232
244,232
246,234
252,239
255,241
251,236
246,232
234,224
232,224
238,229
243,232
244,232
246,234
252,239
256,241
250,237
245,233
234,225
233,224
238,229
240,232
244,233
247,234
252,239
257,241
249,237
246,233
234,224
233,224
239,229
243,231
244,232
246,235
252,239
256,241
251,236
246,233
233,225
233,225
237,229
243,232
243,233
247,234
252,239
256,242
251,237
247,233
234,224
233,224
238,229
243,231
244,234
247,234
252,239
257,241
248,237
246,234
234,225
233,225
239,229
243,231
244,233
246,234
252,239
256,242
251,235
247,233
234,225
233,225
238,229
244,232
245,231
247,234
253,239
257,242
251,237
246,235
234,225
234,224
238,229
241,233
245,233
246,235
253,239
256,241
251,236
244,235
234,225
233,225
238,229
244,230
245,232
246,235
252,239
256,242
250,237
247,234
235,225
233,225
238,229
243,232
245,233
247,234
253,239
256,242
250,237
247,235
235,225
234,225
238,229
243,232
245,233
246,235
252,239
256,241
250,238
247,235
235,225
234,225
238,229
241,232
243,234
246,235
252,239
257,242
251,237
247,234
235,226
234,225
238,229
243,233
244,233
247,234
252,239
256,242
249,238
248,234
235,226
234,224
239,229
241,233
244,233
247,234
253,239
257,241
251,235
247,235
235,225
234,225
238,229
242,232
242,234
246,235
252,239
256,242
251,238
248,234
236,226
234,225
238,229
243,232
244,234
247,234
252,239
256,242
251,237
248,234
236,225
234,225
237,229
243,232
244,233
247,234
253,239
257,241
251,237
248,235
235,226
234,225
237,229
244,232
245,233
247,234
252,239
256,242
252,237
248,234
235,226
234,225
238,229
243,232
243,233
247,234
252,239
256,242
251,237
248,235
236,226
234,225
237,229
243,231
244,234
247,235
252,239
256,241
250,238
248,235
236,226
234,225
238,229
243,231
245,233
246,235
252,239
256,241
251,236
249,234
235,226
234,226
238,229
243,233
245,232
247,234
252,239
256,241
249,238
247,236
236,226
235,225
238,228
244,232
245,234
247,234
252,239
257,241
251,236
248,235
237,226
234,225
238,229
244,230
244,234
246,235
252,239
255,241
251,238
247,235
236,226
234,225
238,229
243,233
244,234
246,234
252,239
255,241
252,236
248,235
236,226
235,225
238,228
243,232
244,231
247,234
252,239
256,242
252,238
248,234
236,227
234,225
238,229
242,232
245,231
247,234
252,239
256,242
250,238
248,234
237,226
234,225
238,228
243,233
245,234
247,234
252,239
255,241
250,238
246,236
237,227
234,225
237,228
243,232
244,231
246,235
252,239
256,240
252,238
247,236
237,227
235,225
238,228
244,229
242,233
247,234
252,239
257,241
253,238
248,235
237,226
234,225
237,228
243,232
245,232
247,234
253,240
256,243
254,239
248,236
236,226
233,224
236,228
243,231
244,233
247,235
253,240
258,243
254,237
246,236
237,227
233,224
236,227
241,232
244,234
246,234
253,240
257,242
254,239
249,235
237,226
233,224
236,228
242,231
243,233
247,234
253,240
257,243
254,237
248,236
237,226
233,224
236,228
242,231
245,231
247,235
253,240
258,242
253,239
248,236
237,227
233,225
236,228
242,232
244,233
247,235
252,240
256,243
254,237
249,233
236,227
233,225
236,228
243,232
246,233
247,234
253,239
256,242
253,240
248,235
237,227
234,224
236,227
240,233
242,233
247,234
252,239
257,242
254,237
249,235
238,227
234,225
237,227
243,232
245,231
246,235
252,239
256,241
254,239
248,235
238,227
234,225
237,227
243,232
245,232
246,235
252,239
255,242
254,237
249,235
238,227
235,225
236,227
243,233
244,233
246,234
252,239
256,242
254,239
249,235
238,227
234,225
237,227
244,232
242,233
247,234
252,239
256,242
255,239
249,234
238,228
234,226
236,227
244,232
245,232
247,234
251,239
256,242
254,238
249,235
238,228
235,225
237,227
244,232
244,234
246,235
252,239
257,242
253,240
249,235
238,227
235,225
236,228
244,231
245,233
246,235
251,239
256,242
255,239
249,235
238,227
235,225
236,227
243,232
245,232
246,235
251,239
256,242
255,240
248,234
239,228
235,225
236,227
243,231
245,233
247,234
251,238
257,241
254,240
249,235
239,228
234,225
236,227
242,232
243,234
246,234
251,239
257,242
254,240
248,235
239,228
234,225
236,228
244,232
245,233
247,234
251,239
256,242
255,240
248,236
239,228
235,225
236,227
241,233
245,233
247,234
251,238
256,242
254,240
249,236
239,227
235,226
236,227
241,232
244,232
246,235
251,238
256,242
254,240
248,235
239,228
235,226
236,227
244,232
242,234
247,233
251,239
256,242
255,240
249,236
238,229
235,225
236,228
243,234
243,234
246,234
250,238
256,241
255,240
249,235
239,229
235,226
236,227
243,233
245,233
246,235
251,238
256,241
254,238
247,235
240,228
235,226
236,228
243,233
245,234
247,234
250,238
255,242
253,240
246,236
239,229
236,226
236,228
245,233
245,234
247,234
250,238
256,241
253,240
248,236
239,229
235,226
236,227
243,232
245,233
245,235
250,238
256,241
254,240
250,235
239,228
234,226
236,227
245,233
245,233
247,234
250,238
255,241
254,239
248,236
239,229
235,226
235,227
244,234
245,233
247,234
251,238
256,241
254,240
248,235
240,228
235,226
236,227
244,233
245,230
245,235
251,238
255,242
254,240
247,236
239,229
235,226
235,226
244,233
244,234
247,234
251,238
256,242
255,240
249,235
239,227
235,225
235,227
244,234
245,232
247,234
251,238
256,241
254,240
249,235
240,228
235,226
235,227
244,234
245,233
246,234
250,238
255,241
254,240
249,235
239,228
235,226
235,227
245,233
244,234
246,234
250,237
255,241
254,239
248,236
240,228
235,226
234,226
244,232
245,233
246,235
250,238
255,240
253,240
248,234
239,229
235,226
235,226
243,234
245,231
245,234
250,237
255,241
254,238
249,234
240,229
236,226
235,227
245,233
245,231
247,234
249,237
253,240
254,239
249,235
240,229
236,226
235,226
245,234
244,234
246,234
250,237
254,238
253,239
247,233
240,229
236,227
236,226
245,232
245,233
245,235
249,237
253,239
253,240
249,234
240,229
236,227
235,227
245,234
245,233
247,234
249,237
253,239
253,239
246,236
240,229
236,226
236,227
244,233
245,231
246,234
249,237
253,239
253,240
248,235
240,229
235,226
236,226
245,231
244,234
246,234
249,237
254,239
254,240
247,235
240,229
236,227
235,226
244,233
244,234
247,234
249,237
253,240
254,239
249,235
240,229
236,226
235,226
244,233
244,233
246,234
250,237
254,240
255,240
248,233
240,229
234,225
234,225
244,231
244,232
246,234
250,237
255,241
254,241
249,235
241,229
234,225
234,225
243,232
243,233
246,234
249,237
255,240
255,241
250,235
241,229
234,224
233,225
243,231
245,232
246,234
250,237
255,240
255,241
250,235
241,229
234,225
234,225
243,232
245,232
246,234
249,237
255,240
254,241
250,233
240,229
233,225
234,225
243,231
245,233
247,234
249,237
254,240
255,240
250,235
240,229
235,225
233,225
242,231
244,232
246,234
249,237
255,239
256,240
250,235
242,229
234,225
233,225
242,232
243,233
246,233
249,237
254,240
256,241
250,236
241,229
234,225
234,225
242,231
245,232
246,233
248,237
254,240
255,241
249,235
241,230
235,225
234,225
242,231
243,234
246,233
249,236
253,239
255,239
249,236
241,229
235,225
234,224
242,231
243,233
245,234
248,236
254,240
255,241
250,233
241,230
234,225
234,226
241,232
244,232
246,233
248,236
253,240
255,241
249,235
241,230
235,225
233,226
242,232
244,232
245,234
249,236
253,239
255,240
248,236
241,229
235,225
234,225
242,231
243,232
244,234
248,236
253,239
255,241
250,235
242,230
234,225
234,225
242,231
244,230
245,233
248,236
252,240
253,241
247,236
242,230
234,225
234,226
242,231
243,233
245,233
248,236
253,239
255,240
249,235
242,230
234,225
233,225
242,231
243,233
245,233
247,236
252,239
255,240
248,236
241,230
233,225
232,225
240,231
242,233
244,233
247,235
254,240
255,242
247,237
242,230
232,223
231,224
240,230
241,232
245,232
248,235
254,240
257,241
250,237
242,231
232,224
231,224
239,230
240,232
244,233
247,235
254,240
256,241
251,236
242,230
232,223
231,223
240,229
243,231
243,233
246,235
254,240
256,242
249,237
242,230
232,223
230,223
238,230
241,232
244,232
247,235
254,240
256,241
247,237
241,231
231,223
231,222
239,229
241,231
243,233
246,235
253,240
255,242
250,235
241,230
232,223
231,223
238,230
239,232
244,232
246,234
253,240
253,241
249,236
242,230
232,222
231,223
239,229
239,232
242,233
246,234
253,239
255,239
249,235
242,230
232,223
231,223
240,228
242,231
243,232
245,234
252,239
255,240
249,235
241,230
231,224
231,223
239,229
241,231
243,232
245,234
252,239
253,241
249,235
242,230
231,222
230,223
236,229
240,231
243,232
245,234
253,239
255,241
249,236
241,230
231,223
230,222
238,228
240,231
242,232
245,234
252,239
253,241
248,235
240,230
231,223
230,223
238,230
240,231
242,231
245,234
251,239
253,240
248,236
242,230
231,222
230,222
236,229
240,230
242,231
245,233
252,238
254,240
247,235
241,230
230,223
230,223
238,228
240,230
242,231
244,233
251,238
253,240
247,235
241,230
230,223
230,222
238,227
241,230
242,231
244,233
251,238
251,241
247,235
242,230
231,222
229,222
237,228
241,230
242,230
244,233
251,238
253,239
248,235
241,230
230,222
230,223
238,228
240,230
241,231
244,233
251,238
251,240
246,235
242,230
230,222
229,222
236,229
240,230
241,231
244,233
250,238
253,239
245,234
242,229
231,221
229,223
236,227
239,229
241,230
243,233
251,237
253,238
248,234
241,230
229,221
229,222
235,227
237,230
241,230
244,233
251,238
253,240
247,234
242,230
229,222
228,222
235,227
240,229
241,230
243,233
250,238
252,239
245,236
240,231
229,221
228,222
236,227
239,229
240,230
243,232
251,237
253,239
246,235
241,231
229,221
228,222
234,227
239,229
239,231
242,233
249,238
253,239
247,232
240,230
229,221
228,221
235,226
239,229
239,230
242,232
249,238
253,239
246,234
241,231
229,221
228,221
234,228
239,227
240,230
243,233
250,237
251,239
247,235
241,230
229,221
228,221
235,227
239,227
240,230
243,232
249,237
252,239
245,234
241,231
229,221
228,221
234,226
239,229
240,230
243,232
249,237
252,239
247,234
240,230
230,221
229,221
234,226
239,230
240,230
242,232
249,236
252,239
247,234
241,231
230,222
229,221
233,227
239,229
240,230
243,232
249,237
253,239
247,234
242,231
230,221
229,221
234,226
239,230
241,229
243,232
249,237
252,239
247,233
243,230
231,221
229,222
233,227
237,229
240,231
242,232
250,236
252,239
247,234
242,232
230,221
229,222
233,226
238,230
237,230
241,231
247,236
250,238
243,230
237,229
222,219
220,218
222,222
224,223
223,222
220,224
222,227
221,228
210,221
201,216
182,204
174,202
172,204
169,205
164,203
160,203
161,205
159,205
147,200
139,195
123,183
118,181
119,185
120,187
120,187
121,189
126,193
128,195
122,190
116,186
103,176
101,175
106,180
109,184
112,184
114,187
122,192
126,193
120,187
115,186
101,175
100,175
105,180
110,183
113,185
115,187
122,192
126,195
120,189
116,186
102,176
100,176
105,179
111,183
112,185
115,187
123,192
126,194
121,189
115,188
102,175
100,175
105,179
112,184
113,184
115,187
123,192
126,195
122,189
116,187
102,176
100,175
106,180
111,184
112,185
117,187
123,192
127,195
122,189
117,187
103,177
102,177
107,180
115,183
117,186
120,189
130,195
136,198
133,193
130,192
119,183
120,183
129,189
139,193
144,194
151,200
162,206
170,210
168,207
166,205
156,195
158,196
165,201
172,207
179,209
186,212
198,219
206,224
208,220
209,220
202,212
206,214
215,219
223,225
229,226
235,230
243,235
249,239
246,234
242,231
230,223
229,222
234,226
240,230
243,229
245,234
251,238
255,241
251,235
246,232
233,222
231,222
235,226
239,229
242,229
244,230
250,234
253,236
248,229
242,227
229,215
226,212
230,212
234,216
234,213
235,213
240,215
243,214
237,205
230,199
214,185
209,179
211,177
215,176
214,172
214,171
218,172
220,171
214,163
207,156
192,141
187,135
189,135
193,137
195,134
197,136
204,140
206,144
198,138
195,131
181,117
176,114
179,116
186,117
187,122
190,125
198,131
203,135
199,129
193,126
178,113
174,109
178,112
184,118
187,119
189,123
197,130
202,134
196,130
192,124
178,113
174,109
179,112
185,117
186,120
190,122
196,129
201,134
198,130
192,126
178,114
174,110
179,112
184,118
186,119
190,122
196,129
202,133
197,129
192,125
178,113
174,110
178,112
184,117
186,119
190,123
197,129
202,133
197,131
192,127
180,115
175,111
179,115
187,120
189,123
192,127
200,135
204,142
200,141
197,136
186,127
183,126
186,130
195,136
196,139
200,142
207,149
211,154
208,153
204,150
193,142
191,142
195,148
205,156
208,164
214,171
224,184
232,193
230,197
229,197
219,194
218,196
224,204
232,212
236,217
239,222
247,230
252,233
249,230
245,228
233,221
230,220
234,225
241,228
242,229
244,233
251,238
256,240
252,237
247,231
234,224
231,221
234,226
240,231
242,232
244,234
252,239
256,241
252,237
244,234
234,224
231,222
235,226
243,230
243,231
245,234
252,239
256,242
252,237
246,232
235,225
231,223
235,226
241,231
243,232
246,233
252,239
254,242
251,237
247,232
236,225
232,223
235,226
240,231
241,233
245,234
252,239
256,241
251,238
246,234
235,225
232,223
236,226
242,231
242,232
246,234
251,239
255,241
252,238
246,235
236,226
232,224
235,227
242,231
244,233
246,233
251,239
255,241
251,239
246,235
236,226
232,224
235,227
241,232
243,232
245,234
251,239
256,240
251,239
245,235
236,226
233,223
234,227
240,231
243,233
245,234
251,239
255,241
253,238
247,234
236,226
233,224
235,227
243,231
244,232
246,234
251,239
255,241
252,238
247,235
236,227
233,224
236,226
241,232
243,233
245,234
251,239
255,241
253,238
247,235
237,226
233,224
235,227
242,231
244,232
245,234
251,239
255,241
252,239
248,234
237,226
233,224
235,227
243,230
242,232
246,234
251,238
255,241
253,239
248,232
238,226
233,224
235,227
242,231
244,232
246,233
251,238
256,241
252,239
246,235
237,226
233,224
236,226
243,231
244,232
245,234
251,238
255,242
254,239
247,233
237,227
233,225
234,227
242,229
244,233
246,234
251,238
256,241
253,239
247,234
237,227
234,224
236,227
242,230
242,233
245,234
251,238
256,241
253,240
247,235
237,227
234,224
236,226
243,231
241,233
246,234
251,238
256,241
254,239
248,235
237,228
233,225
235,226
243,231
243,233
245,234
251,239
256,243
254,241
249,234
238,226
233,223
234,226
241,232
244,231
246,235
251,239
257,242
255,239
248,235
238,227
233,224
235,226
242,231
243,232
246,234
251,239
257,242
255,240
248,233
237,227
233,224
234,226
240,232
244,231
247,233
251,239
257,242
253,241
248,235
238,227
234,224
235,226
242,229
244,232
246,234
251,238
258,242
256,240
248,236
238,227
233,224
235,227
243,231
244,233
246,234
251,238
256,242
254,241
248,235
237,228
233,225
234,227
243,232
244,233
245,234
250,238
256,241
254,240
248,235
238,227
234,225
234,226
243,233
244,233
246,233
251,238
256,241
253,237
247,236
239,227
234,225
235,226
243,232
245,232
245,234
250,238
254,241
252,240
248,236
239,228
234,225
235,226
243,232
243,232
245,234
251,238
256,242
255,239
249,233
239,227
234,224
233,226
242,233
242,233
245,235
251,238
257,241
255,240
248,236
238,227
233,225
234,226
243,232
244,232
246,234
250,238
256,242
255,241
249,233
239,227
233,225
234,226
242,231
244,233
246,234
251,238
256,242
254,241
248,236
239,227
234,224
234,226
242,232
244,232
245,234
251,238
257,241
255,240
248,236
238,227
233,224
234,226
243,232
243,233
246,234
250,238
256,242
256,240
249,236
238,227
233,225
233,225
243,231
244,232
246,234
250,238
256,242
255,241
249,236
239,227
234,224
233,224
242,232
243,232
246,234
250,238
256,241
253,242
248,236
239,228
234,225
233,225
242,232
241,233
245,234
250,238
256,242
256,239
250,236
239,227
233,225
233,224
242,232
243,231
246,234
250,237
256,241
254,241
249,236
239,227
234,224
232,224
242,230
243,233
246,234
250,237
256,240
255,240
249,236
239,228
233,225
233,224
242,231
244,232
245,234
250,237
255,241
256,241
249,233
240,228
233,224
232,225
242,232
244,232
246,234
250,238
255,241
256,242
250,234
239,229
233,224
232,224
242,232
244,232
246,234
250,237
255,240
257,241
250,235
240,228
233,224
232,224
242,232
243,233
246,234
250,237
255,241
256,241
250,234
239,228
233,224
231,224
241,230
243,232
245,234
249,238
255,241
256,242
250,235
239,228
233,224
231,223
241,230
241,233
246,233
250,237
256,241
255,243
249,234
240,228
233,224
232,223
242,231
243,232
246,234
249,237
256,241
256,243
251,236
240,228
232,224
231,223
241,230
243,232
246,233
249,238
255,241
258,241
252,236
241,228
233,223
231,223
240,231
242,233
245,234
250,237
256,241
257,243
249,237
240,229
233,224
231,223
241,229
243,231
245,234
249,237
256,241
257,243
249,237
240,229
232,224
231,223
241,228
243,231
245,234
249,238
256,241
256,243
251,236
240,229
233,224
231,224
239,231
243,232
245,233
249,237
255,240
256,242
250,237
240,228
233,225
231,224
242,231
242,232
246,234
249,237
255,240
257,242
250,236
240,229
233,224
232,224
241,231
243,233
245,233
249,236
255,241
256,239
251,235
241,228
233,224
232,224
240,231
243,232
245,233
249,237
256,241
257,241
251,237
241,229
233,223
231,223
241,230
242,231
245,233
249,237
255,241
258,242
250,237
241,229
232,224
230,223
240,230
242,232
245,234
249,236
256,242
255,243
251,236
242,229
233,223
231,223
239,230
242,232
244,234
249,237
256,241
256,243
249,238
241,230
232,223
231,223
240,229
239,231
245,233
249,237
256,241
256,242
251,235
241,229
233,224
231,224
240,230
242,231
245,233
248,236
255,241
257,241
250,237
241,229
233,224
231,224
240,230
243,232
245,233
248,236
255,240
256,240
250,236
241,229
233,224
233,224
241,231
241,232
245,233
248,236
253,240
256,240
248,236
241,230
234,225
233,225
242,231
243,233
245,233
248,236
253,240
254,240
247,236
242,230
234,225
233,225
242,232
243,232
245,234
248,236
254,239
255,239
246,236
242,229
234,225
233,225
242,230
243,232
244,233
248,236
253,240
256,240
250,235
242,229
234,225
233,225
242,231
243,232
245,233
247,236
253,240
255,240
249,235
242,230
234,224
233,225
240,231
243,233
245,233
247,235
253,239
253,241
247,236
242,230
234,225
233,225
240,231
244,232
245,234
247,235
253,239
254,239
250,235
241,231
233,225
233,225
240,232
243,233
245,232
247,235
253,240
255,240
250,235
242,231
234,225
233,225
241,231
243,232
244,233
247,235
254,239
255,241
250,236
242,231
234,225
233,225
241,229
243,232
244,233
247,235
254,240
256,241
250,235
243,230
234,225
233,225
240,231
243,232
244,233
247,235
253,240
255,241
247,236
243,231
234,225
233,224
240,230
242,233
244,234
247,235
253,239
255,240
249,236
243,230
234,225
234,225
241,229
241,232
245,233
247,235
253,239
255,239
247,235
243,230
234,225
233,225
241,231
244,232
245,232
247,235
252,239
254,240
249,236
243,231
234,225
233,225
242,231
243,233
245,233
247,235
253,239
254,241
248,236
242,230
234,224
234,225
241,231
243,233
245,233
247,235
253,239
254,240
249,235
243,231
234,225
233,225
241,231
243,233
245,233
246,234
252,239
254,240
248,235
243,230
234,224
234,225
241,231
244,232
245,233
246,234
253,239
254,241
249,236
243,231
234,224
233,225
241,231
241,233
245,233
246,235
253,239
254,240
250,235
243,231
234,225
233,226
241,231
244,230
245,233
246,235
252,239
255,239
248,236
243,232
234,224
234,225
240,231
243,232
244,233
246,235
253,239
254,239
249,234
243,232
234,224
234,225
241,231
243,233
244,233
246,235
253,239
255,239
249,236
243,232
234,225
234,225
241,231
244,232
245,232
246,235
252,239
254,240
248,235
243,232
234,224
233,225
241,231
244,233
244,234
247,234
252,239
253,240
249,236
243,231
234,225
235,226
242,230
244,233
244,233
246,235
252,239
254,239
248,235
243,232
234,225
234,225
241,229
244,233
244,233
246,235
253,239
254,239
248,235
243,232
235,224
234,225
240,231
244,232
245,233
246,235
252,238
254,239
247,236
244,232
234,225
235,225
241,231
244,233
245,233
247,234
252,239
253,239
249,233
243,232
234,225
235,226
241,231
244,234
244,233
246,234
252,238
253,239
249,235
243,232
235,225
234,226
241,231
244,233
245,233
246,234
252,238
253,237
248,235
244,232
235,225
235,226
242,230
244,233
245,233
246,235
251,238
253,237
248,235
244,231
235,225
235,226
240,231
244,233
244,233
246,234
251,239
252,240
247,236
244,231
235,225
235,226
240,231
244,233
245,233
246,234
252,238
253,237
248,235
245,232
235,226
235,226
242,230
244,233
245,233
246,234
252,238
253,239
248,232
244,233
235,226
235,226
241,231
244,233
245,232
245,235
251,238
253,239
249,234
244,233
236,225
235,226
240,231
245,232
245,233
246,235
251,238
252,239
247,236
244,232
235,226
235,226
241,230
245,231
245,233
246,235
251,238
254,239
249,234
243,233
235,226
236,227
241,230
244,233
245,233
246,234
251,238
253,239
248,235
245,233
236,226
