Cell 1,Cell 2,Cell 3
54,56,58
54,56,58
54,56,58
54,56,58
54,56,58
54,56,58
54,56,58
54,56,58
54,56,58
54,56,58
54,56,58
54,56,58
54,56,58
54,56,58
54,56,58
54,56,58
54,56,58
54,56,58
54,56,58
54,56,58
54,56,58
54,56,58
54,56,58
54,56,58
54,56,58
54,56,58
54,56,58
54,56,58
54,56,58
54,56,58
54,56,58
54,56,58
54,56,58
54,56,58
54,56,58
54,56,58
54,56,58
54,56,58
54,56,58
54,56,58
54,56,58
54,56,58
54,56,58
54,56,58
54,56,58
54,56,58
54,56,58
54,56,58
54,56,58
54,56,58
54,56,58
54,56,58
54,56,58
54,56,58
54,56,58
54,56,58
54,56,58
54,56,58
54,56,58
54,56,58
54,56,58
54,56,58
54,56,58
54,56,58
54,56,58
54,56,58
54,56,58
54,56,58
54,56,58
54,56,58
54,56,58
54,56,58
54,56,58
54,56,58
54,56,58
54,56,58
54,56,58
54,56,58
54,56,58
54,56,58
54,56,58
54,56,58
54,56,58
54,56,58
54,56,58
54,56,58
54,56,58
54,56,58
54,56,58
54,56,58
54,56,58
54,56,58
54,56,58
54,56,58
54,56,58
54,56,58
54,56,58
54,56,58
54,56,58
54,56,58
54,56,58
54,56,58
54,56,58
54,56,58
54,56,58
54,56,58
54,56,58
54,56,58
54,56,58
54,56,58
54,56,58
54,56,58
54,56,58
54,56,58
54,56,58
54,56,58
54,56,58
54,56,58
54,56,58
54,56,58
54,56,58
54,56,58
54,56,58
54,56,58
54,56,58
54,56,58
54,56,58
54,56,58
54,56,58
54,56,58
54,56,58
54,56,58
54,56,58
54,56,58
54,56,58
54,56,58
54,56,58
54,56,58
54,56,58
54,56,58
54,56,58
54,56,58
54,56,58
54,56,58
54,56,58
54,56,58
54,56,58
54,56,58
54,56,58
54,56,58
54,56,58
54,56,58
54,56,58
54,56,58
54,56,58
54,56,58
54,56,58
54,56,58
54,56,58
54,56,58
54,56,58
54,56,58
54,56,58
54,56,58
54,56,58
54,56,58
54,56,58
54,56,58
54,56,58
54,56,58
54,56,58
54,56,58
54,56,58
54,56,58
54,56,58
54,56,58
54,56,58
54,56,58
54,56,58
54,56,58
54,56,58
54,56,58
54,56,58
54,56,58
54,56,58
54,56,58
54,56,58
54,56,58
54,56,58
54,56,58
54,56,58
54,56,58
54,56,58
54,56,58
54,56,58
54,56,58
54,56,58
54,56,58
54,56,58
54,56,58
54,56,58
54,56,58
54,56,58
54,56,58
54,56,58
54,56,58
54,56,58
54,56,58
54,56,58
54,56,58
54,56,58
54,56,58
54,56,58
54,56,58
54,56,58
54,56,58
54,56,58
54,56,58
54,56,58
54,56,58
54,56,58
54,56,58
54,56,58
54,56,58
54,56,58
54,56,58
54,56,58
